review_id,user_id,product_id,rating,review_text,review_date
1,36,118,1,Wall project message who see street cultural old share.,2024-11-21
2,219,46,1,Size treat available floor although thank nation industry agreement both account generation old.,2025-10-03
3,268,71,4,Hot movement foreign wonder challenge well consumer budget law drop hot Mr who.,2025-01-27
4,245,124,1,Song know her large drop community wear book common.,2025-03-18
5,289,13,4,List though build he child that century will feeling rise mean now.,2025-10-01
6,44,137,2,Population very smile gun summer lot throw any hard.,2025-03-11
7,142,19,1,Fear measure available these month today family accept data.,2025-08-19
8,258,27,5,Rich land evening break perhaps she pick whose class course.,2025-07-01
9,38,73,1,Reason three fish beat born board need available.,2025-01-27
10,75,135,4,Seat create reach power word until range ball another organization beyond want exist natural law.,2025-02-14
11,157,59,5,Usually collection program parent speak situation knowledge pick become north none painting finish side raise exactly.,2025-03-21
12,67,132,4,Work seven difference head water film peace moment.,2025-03-10
13,146,72,3,Base watch manage value hear table population share call call back.,2025-07-27
14,110,93,2,Fly consider box owner many at probably far cell three believe film number set week shoulder.,2025-08-07
15,299,130,2,Add relate dinner central race foreign cause present activity.,2024-12-20
16,125,136,2,Itself how early word popular join rock theory medical huge husband.,2025-02-17
17,72,13,3,Crime relate everybody with find use would wait.,2025-10-16
18,34,53,2,Give character small rock executive wrong west top way until stuff sort sound just.,2025-06-15
19,160,2,2,Mission near born heavy difference little job into.,2024-12-05
20,296,87,1,Alone generation computer cover sort eat find guy major these behind notice.,2025-06-19
21,238,71,5,Laugh information resource right thought company poor.,2025-08-13
22,260,53,5,Three occur try benefit play anything report assume.,2025-09-08
23,161,54,5,Its realize least course pretty discussion must mention simple.,2025-06-07
24,35,47,2,Themselves meeting full cost mission Democrat company office meeting require wonder along against commercial onto determine.,2025-09-25
25,41,37,4,Simple full add trip other for fund score spend health.,2024-12-25
26,172,84,1,Away meet standard attack each still lose operation point election say.,2025-03-18
27,103,27,2,College wait visit foreign party employee five behavior wide live.,2025-07-07
28,244,12,2,Think analysis ten number place wall meeting century direction event change matter PM hit away.,2025-08-14
29,136,113,4,Result especially service coach real say concern federal national talk office article body president past.,2025-03-11
30,213,106,4,Book card project every involve west traditional house low field machine my.,2025-08-22
31,87,64,4,Tend area their which own year box writer dark tree great without child himself certain.,2025-07-07
32,38,21,5,Whole increase adult chance again buy face pass because bank middle investment Mrs center moment.,2025-01-14
33,129,115,4,Need scientist until modern south almost low black relate nice goal.,2025-02-03
34,135,62,3,Drug president western good indeed budget perform almost paper both score when official may manage.,2025-09-19
35,172,31,1,Thing green your week place music television hour describe happen reach safe itself none.,2025-05-08
36,204,74,5,To commercial range sort against type rich cover wide per room network west method environment claim.,2025-06-13
37,141,93,3,Such whose list realize maintain want himself wear student easy line several newspaper us anything.,2025-09-11
38,105,70,4,Need win true newspaper set individual open event than relationship.,2025-03-13
39,143,102,2,Weight capital activity quite write pick country.,2025-07-30
40,175,122,3,Reveal race key suddenly authority too action vote including.,2025-08-11
41,126,123,2,Free learn unit what parent on bad begin attention reason manager class bad east view.,2025-04-16
42,195,33,5,Avoid during might three nature bill list strong center.,2025-01-22
43,227,76,3,Woman leader father anyone method candidate will Democrat we brother brother.,2025-11-08
44,103,46,5,Risk two back ground image clearly nice leg current throughout what air admit against future not.,2024-12-02
45,270,22,1,Right single number produce student letter season join home little certainly popular so nature.,2024-12-25
46,180,143,3,Middle color finally politics garden plan return talk.,2025-10-01
47,150,13,1,Statement significant religious add rise serious exactly behavior card laugh Democrat talk matter best dog.,2024-12-31
48,266,24,5,Letter writer fire let production upon perhaps question body small behavior mother.,2025-08-19
49,278,29,1,Finish need suddenly call good stage wait member everyone.,2024-11-29
50,258,137,5,Social process learn seem special bit build hour window most interesting dinner.,2025-07-10
51,16,94,3,Guy old trade particularly huge represent thus four building ok south miss.,2025-07-07
52,246,127,2,Debate teacher else little power agree think break administration yard front military way realize factor.,2025-05-30
53,248,35,1,Every traditional area wonder better sister film simple.,2025-01-17
54,200,69,2,And significant military degree student candidate Mrs rest someone quickly body.,2024-11-23
55,279,14,5,Amount mean term bed everybody body one fund.,2025-01-21
56,64,91,3,During step after get happen kind seem because now realize.,2025-10-08
57,46,21,3,Of two father under front Congress little get of.,2025-04-21
58,182,7,1,Air age six share change benefit head stuff worry election story.,2025-02-18
59,298,50,1,Mrs whole involve study plant develop single reason campaign movement their write these quite name recognize.,2025-07-24
60,181,21,5,Know interview anything skin year even industry other guess language food leg.,2025-02-02
61,192,64,2,Employee suggest myself save and example order.,2025-09-24
62,31,3,1,President source thing appear manage effort be approach network maintain market tell lay product budget happy.,2025-05-26
63,190,126,3,Cup window clearly include tonight worry several stage keep necessary doctor.,2025-10-27
64,77,91,1,Without ten treat catch half relationship himself buy read food rather work.,2025-08-25
65,63,123,5,Probably drive no line own hit than third quite attention because.,2025-06-22
66,4,109,1,Where account minute practice against policy game music here goal score care can require fire.,2025-07-04
67,165,47,2,Environment movement no show speech citizen wrong fish he traditional son century thing president resource.,2024-11-20
68,62,78,4,Environmental wish begin truth mother friend morning several now wrong with space class development increase.,2025-07-25
69,23,144,3,Executive national physical item administration likely enough Republican positive consumer another option reflect.,2025-07-23
70,79,17,5,Job maintain behavior amount some discussion arm stage home city letter TV direction growth beyond.,2025-03-09
71,29,100,4,Offer thousand time apply bad business each available front second often news name necessary discuss.,2025-01-27
72,97,148,1,Six leader kid national unit focus pressure let.,2025-04-24
73,300,28,5,Sit word will task serve population work can result manage cell close travel season surface.,2025-02-16
74,115,111,2,Occur figure method letter campaign popular particularly approach.,2025-05-18
75,3,115,4,Computer at north I share thought no race game drop until help employee.,2025-05-16
76,64,110,4,Require main star ball perform employee listen.,2025-09-13
77,54,60,3,Phone stock along suffer democratic have hand little anyone.,2025-09-01
78,39,149,5,Tree care out main and price fish policy lay art.,2025-10-07
79,21,111,5,Interview agent space according stop event sing party job order tough skill tell dog hotel example.,2024-11-20
80,127,81,3,Ten second seem after simple find finish.,2025-04-14
81,138,13,2,Style network wind course white recently research campaign goal state large learn purpose vote personal series.,2025-02-25
82,292,71,4,Bank oil scientist address region consider sell how understand yard social happen.,2025-09-09
83,165,72,2,Owner poor cell learn group rest lead close down must.,2025-08-23
84,29,125,1,Try whatever your what win PM total fall usually time.,2024-11-25
85,279,97,3,Commercial civil generation concern set local institution third nearly tax various not his.,2025-04-29
86,150,132,1,Imagine story stand everything nor at personal no run head score.,2025-11-02
87,147,120,1,Chair Congress rich author voice score ten live myself unit take phone money require public do.,2025-10-30
88,15,121,1,Me vote create well body believe firm.,2024-12-15
89,40,80,5,Break nature bed old rule money room ago standard free.,2025-04-15
90,173,65,1,Study million series perform occur woman air yeah provide and garden prevent.,2025-07-11
91,184,19,2,Real life continue loss quality feeling quality want discussion hair only main industry scientist bring.,2024-12-23
92,104,3,2,Nothing let room skin across allow myself down human indicate painting natural answer oil fire.,2024-12-24
93,26,85,3,Though simple its hold sure lead change price.,2025-02-16
94,142,36,5,Item detail that dinner office soon state.,2025-03-01
95,299,16,1,Decade actually personal machine what night nearly.,2024-12-09
96,35,61,3,Heart to think seek week one chance security probably think not receive Congress hospital gun.,2024-12-02
97,30,81,5,Republican defense read edge them half necessary letter score maintain of blood third card black necessary.,2024-11-27
98,232,22,2,Building boy part give sort speech education write skin citizen seek this exactly own free.,2025-03-02
99,253,134,4,Table better its wide business central son around market risk security to nearly half.,2025-09-19
100,58,11,2,Pass accept data million push project would just return special expect six more.,2025-09-26
101,292,107,1,Reason goal PM rate the policy walk despite event.,2025-01-05
102,97,80,1,Only away real season reduce adult success story bad per difficult wish model perform director.,2025-07-24
103,166,101,2,Team avoid beautiful identify prepare politics social teach production represent forget.,2025-02-26
104,200,125,5,Hear so voice three against race activity star suddenly tell structure gas military itself firm.,2024-11-22
105,195,26,1,Find send set good factor represent practice culture front.,2025-02-01
106,85,97,4,Mention range center western whose scientist owner prove should window coach suffer strategy design.,2025-10-08
107,293,144,5,Executive arrive way never question claim family or claim director.,2024-11-15
108,72,146,3,Remember go American notice defense service reality American term.,2025-06-11
109,124,108,3,Bring mission so set suddenly plan four would director main visit.,2025-05-01
110,230,38,4,Exactly yourself himself ok true wonder own.,2025-01-02
111,172,101,4,Rise wrong arrive price continue site their summer thus throw chance.,2025-10-20
112,249,90,1,Resource administration song door yard issue never ability what action skin allow.,2025-05-26
113,236,81,5,Quality reason serious technology money watch firm own market more.,2025-07-23
114,22,23,4,Realize blood talk about we person training door with discover evening example plant prevent.,2024-11-15
115,65,127,5,Response involve not rise score often size leg.,2025-04-18
116,128,129,3,Explain impact open kind Republican interesting somebody receive without house too phone.,2025-05-26
117,231,109,4,Through watch seat house keep economic enjoy laugh father check.,2025-11-01
118,243,122,1,Than maintain nation responsibility data why door.,2025-07-03
119,170,33,4,State answer decide wish relate inside state wait stop new.,2025-10-31
120,34,99,4,During understand but traditional require scientist activity some church risk author rise.,2025-01-02
121,204,134,5,Explain nothing section power they human administration any because deal.,2025-09-23
122,241,109,3,Enter year effect agreement receive reason soon who situation happy defense back.,2024-11-15
123,104,34,2,Approach ok another but husband thank laugh next.,2025-03-31
124,140,118,5,Find senior difference its art guess surface education audience card nation.,2025-10-14
125,159,78,3,Spring white direction purpose early avoid local health floor learn thought second something everything range while.,2024-12-20
126,84,92,1,Sometimes we worry development agree rise industry try can score newspaper.,2025-06-30
127,153,142,2,Republican data always bar picture church month.,2025-11-12
128,193,15,3,Him benefit agency feeling American company occur pull black reality among about old whom building join.,2025-08-26
129,140,30,5,General skill stuff nature son enough southern service.,2025-10-17
130,159,70,3,Culture cause health pressure together fact western.,2025-03-16
131,144,148,1,Western Democrat right Mrs large rate firm heart question investment two place tax low collection.,2024-12-30
132,4,46,5,One even professional find would beat never each old finally quite sing.,2025-09-22
133,55,117,4,Involve wind pay employee say health least including not hair see.,2025-10-14
134,35,115,5,Example lose they sign must work western hold ten possible do base go.,2025-02-19
135,122,68,1,Thing skill just stage decision understand medical.,2025-06-08
136,185,7,2,Glass check response send drive which room no note.,2025-10-27
137,110,14,2,Three yourself life away blue can notice work term camera relationship take meet ok politics.,2025-01-02
138,95,35,4,Religious economy serve environment require true happen base course top friend.,2025-08-12
139,49,141,2,Challenge chance upon activity he nothing style far stop room at water standard.,2025-08-01
140,107,67,3,Lay like officer executive perform million could reality.,2025-10-31
141,193,24,2,Something opportunity sense born worry indicate heavy feel however.,2025-03-07
142,99,110,1,Heart control long join training economic few character raise peace easy someone focus start management cause.,2025-02-18
143,287,30,1,Sport society affect call understand rate garden family sometimes perhaps.,2025-02-14
144,281,141,5,Decide see discuss economy I standard both sit anything time.,2025-04-10
145,77,138,2,Prevent place yard card bill rise race she policy nearly then activity purpose miss.,2025-06-14
146,282,57,1,Seven tax group paper head end term sing first garden result necessary need.,2025-06-26
147,174,85,3,Drive forward city line future particular section business indeed skill here resource.,2025-10-07
148,268,147,1,Good apply style fish country watch administration support hot media expert along.,2025-01-29
149,21,18,2,Challenge with style chance power economy very bit strong factor.,2025-03-07
150,47,74,3,View late natural move can identify Republican recently five movie conference challenge us treatment.,2025-05-22
151,288,98,4,Which short happy past population would language box rule up.,2025-01-15
152,212,81,4,Reveal human story building thus establish modern spring.,2025-06-27
153,138,129,3,Radio through me despite campaign myself shake meet this several ground anyone left improve throw high.,2024-12-26
154,20,14,2,Among foreign word resource could process could term single wear sit easy safe.,2024-12-29
155,20,58,1,Huge our majority whom professional material card follow community once his receive management sense.,2024-12-10
156,133,5,5,Color money item campaign try truth through drop new environment for lead tree teach.,2025-01-01
157,243,110,1,Draw newspaper Mr little the walk individual wish ground human suddenly identify.,2025-01-17
158,21,14,2,Wear use nothing than least herself everybody building pressure particular doctor during maybe our perhaps concern.,2025-08-03
159,297,55,3,Floor pressure sure explain Democrat Democrat anything simply energy reveal rather beautiful book.,2025-05-06
160,162,40,5,Serious shoulder choose opportunity ask house over.,2025-05-27
161,26,28,2,Bit fish his during open beautiful result resource baby my the.,2025-05-03
162,274,26,5,Black a skin customer claim hundred wide require threat.,2025-02-05
163,167,93,1,Human over around material central language family everybody picture decision available right.,2025-03-02
164,157,74,3,Which name follow key each may development customer individual physical teacher down eight.,2025-03-03
165,76,112,5,Put down always page table year big moment month yeah page huge attorney see state.,2025-01-01
166,299,54,2,Draw per kid agree foreign too visit purpose where.,2024-12-03
167,261,67,5,Subject quite actually study pattern indeed group deal blue some month however yard already audience.,2024-11-30
168,99,121,3,Skill lawyer but clear language spring ball unit writer work compare.,2025-05-14
169,72,109,3,Race wall it front set factor nearly first free quality national performance anything reflect yeah across.,2025-08-30
170,203,80,3,Myself well kid line cover type inside cup person wonder art miss.,2025-11-12
171,204,134,4,Seek nothing others none side administration computer attention themselves fly science man glass raise.,2025-01-27
172,40,23,1,Color say live be direction measure happen born role.,2025-06-02
173,111,36,1,Out scientist example them indeed so enter.,2025-02-27
174,56,66,1,Thus light east bring style hotel direction subject crime himself response brother fund.,2025-04-24
175,115,147,2,Note second figure second actually identify else next side accept turn author only through wonder.,2025-01-30
176,196,31,4,Film both challenge much light along brother western table stay activity fund.,2025-02-19
177,209,67,2,Without in assume player sure however religious almost laugh require maybe as lose writer affect.,2025-09-26
178,82,137,2,Direction laugh serve anything owner continue rule none yes.,2025-09-30
179,110,33,4,Front for city suggest garden sometimes head hit science resource.,2025-09-02
180,5,118,4,While write book trip personal seek phone.,2025-04-07
181,63,58,4,Without special step team might first rise participant game what child message soldier form notice.,2025-06-05
182,142,121,5,Situation range information sense tell evidence sea mind.,2025-03-18
183,210,63,3,Rule account garden information field stuff take expect year hot program.,2025-02-05
184,267,46,5,Get each energy game event stop must physical.,2025-08-19
185,176,62,5,Hospital southern boy Republican chance friend contain other then store understand box fish same.,2024-11-28
186,153,77,3,Star write shake wide music sense table collection.,2025-06-19
187,199,21,1,Sign write study accept beyond myself whole magazine enough discussion who dog much your.,2025-10-14
188,137,141,5,War better whole cup bank possible probably.,2025-06-06
189,21,45,4,Spring success total green sport poor ball stay less.,2025-05-04
190,140,51,5,Remain detail their west community performance movie forget growth politics which ball.,2025-03-19
191,193,20,4,Take figure other pick compare during gun the do throw against.,2025-07-05
192,185,120,4,Now factor military hot factor actually experience either.,2025-11-08
193,205,43,1,At fight star TV memory in Republican spend down give executive song hard and none dinner.,2025-02-16
194,157,54,2,Assume point learn call enjoy build building.,2025-01-16
195,223,98,4,Scene director threat despite system enter even.,2024-11-16
196,199,137,3,Life decision friend whether feeling fear worry claim job big too parent remember hotel.,2025-01-22
197,86,20,4,Step represent fund down network bar hour money will detail like who in analysis ready join.,2025-10-10
198,84,67,1,News push else teach full themselves score majority happen piece.,2025-05-16
199,266,35,4,Put purpose conference still including model teach might note public.,2024-12-08
200,195,95,3,Write near admit again realize fight technology nation civil quality.,2024-11-18
201,241,106,3,First poor reduce money sell western sit.,2025-07-17
202,100,119,5,List window main likely store whom run feeling return audience.,2025-04-14
203,171,84,1,Anyone blue support never source place blue plan increase when leg.,2025-05-23
204,57,97,3,Or particular billion open us evidence hair when space wish.,2025-06-09
205,35,144,5,Score call old network their personal but within health stuff use style worker our tax.,2025-08-25
206,92,28,4,Soldier Republican television best be step season sport speech end plan including country.,2025-09-18
207,108,133,4,Charge old second age benefit dinner pull conference.,2025-10-14
208,104,50,3,Conference question tree authority want once hope finally after.,2025-06-03
209,138,44,5,Here value but manage election painting hot.,2025-05-08
210,291,122,4,Hand within window star family local them decide question community well likely protect save join.,2025-07-21
211,140,130,3,Study event series college who certainly growth reveal article brother.,2025-03-13
212,183,105,1,Letter week apply city out impact process others manage.,2025-08-10
213,278,34,5,Party various store campaign defense allow whose police expert in simple approach.,2025-01-26
214,20,35,5,Third at including player we before response operation offer list stand author east consider.,2024-11-14
215,14,142,4,Carry raise prove before ever election movie go institution as first off dog.,2024-11-30
216,122,127,2,Choice government maintain wind buy try discover woman everybody knowledge design music region art.,2025-01-20
217,168,146,5,Voice power them letter important foreign space listen painting possible shoulder culture close real front.,2025-03-05
218,286,26,5,Require before beat small nation guess parent enough wait until draw born.,2025-04-01
219,133,91,2,Deep suffer culture once street check who your usually way thought store blue response huge.,2025-03-07
220,266,31,3,Beat child turn project us view finally public mean over.,2025-03-23
221,3,138,2,Force hot already lot throughout pass thought third service mind protect individual eat value.,2025-02-15
222,187,141,4,Interview few population ten first be ten finish head.,2025-09-09
223,60,50,3,Ask forget wear fact free remain player which be music could wife.,2025-09-10
224,298,134,4,Group line back report everything store owner beautiful animal forget boy effort.,2025-07-23
225,99,11,5,Plan true reality medical citizen good little manager.,2025-03-01
226,114,142,5,Play so low save long happen edge.,2025-02-07
227,226,134,3,Campaign economic away ball black road board nation debate society however every film.,2025-08-12
228,54,142,5,Manage it point drop fear have interesting.,2024-12-09
229,145,90,1,Speech end employee employee fall blood claim eight letter member official general up probably.,2025-03-21
230,58,3,5,Deep range bad a fall direction relate artist party.,2025-02-17
231,248,79,5,Success it moment even knowledge recognize event through room president color live successful each piece.,2025-09-02
232,47,150,5,Color size already real cultural cause card less nor wear contain.,2025-09-20
233,300,47,1,Heavy success war alone laugh offer plant two operation very true.,2025-04-29
234,174,135,3,Possible thus get create compare memory human those.,2025-08-24
235,142,88,1,Risk next risk although federal oil along father perhaps husband difficult common for former.,2025-07-01
236,280,90,1,Traditional economic point chair method ball race.,2025-06-18
237,73,135,3,Because position traditional husband care campaign media.,2025-11-08
238,25,140,2,Suggest skill teacher audience perform kind teach religious investment huge yet wall phone painting contain.,2025-08-31
239,101,46,1,Both know defense draw that walk piece training teacher process.,2025-03-06
240,71,31,4,His type this despite commercial clearly than each fish several college friend remember find follow suffer.,2025-01-16
241,95,27,1,Figure test record work manage foreign suggest price many listen determine book.,2025-05-04
242,286,79,1,Resource teach win sea story billion sit.,2025-05-22
243,200,76,4,Water population room citizen step way deal live modern over.,2025-05-26
244,289,43,2,Congress size bar wall camera yet establish either travel.,2024-12-31
245,89,46,1,Foot important water low also north road energy.,2025-05-14
246,172,65,1,Present owner rise two personal yard morning.,2025-01-05
247,140,62,5,Son hundred strong much left why air charge director both describe could.,2025-08-31
248,67,80,2,Begin dinner card central institution popular director nice building.,2025-10-23
249,234,84,3,Throw ever through full left the crime and nearly.,2025-04-13
250,194,20,2,Movement culture himself story southern still wall front.,2025-11-02
251,122,76,1,Boy more activity improve trip score relationship where company a over morning.,2025-03-21
252,196,37,4,The these respond treat trade chair somebody car participant project.,2024-12-12
253,45,79,4,Teach become speak ten parent instead identify business role.,2025-02-02
254,139,45,3,Bed market its stay energy range expert medical quality go pull side.,2024-11-29
255,142,78,5,Student level be their western range whatever difficult forget may hospital fear himself three make push.,2025-02-01
256,202,115,3,Whom shake fund finally easy life three exist important number without.,2025-10-31
257,86,30,1,Medical role ok report morning address defense sit see eye increase approach green shake.,2025-04-12
258,70,132,2,Happen main require fire amount person race kitchen matter wind concern five clearly.,2025-06-19
259,66,74,4,Community less agency candidate agree strategy argue morning daughter hear whom clearly.,2025-10-28
260,263,112,5,Much poor common pressure suffer foreign time easy because report front high stand free kind design.,2025-05-02
261,118,110,4,Could including majority executive behavior rather thousand wait coach thousand open seven break second myself.,2025-03-13
262,254,24,1,Head young force maybe open set southern important draw line across cup kind source doctor protect.,2025-08-01
263,299,111,4,Investment season Mrs body TV scientist share win.,2024-12-14
264,82,15,1,Write try us rate system around art around product.,2025-07-26
265,175,116,1,Loss look attack similar health threat focus attack.,2025-08-11
266,203,47,5,See someone education item mention early they everybody alone.,2025-06-30
267,247,128,4,Involve recognize firm last population teach either rate size better hundred.,2025-11-09
268,231,63,3,Mr idea success whose a phone enough rest decade approach parent bad.,2025-07-07
269,159,120,5,Available administration visit continue computer wind source yourself system the who.,2025-01-26
270,273,107,2,Draw majority stay citizen economy beyond take you way enter hope.,2025-07-01
271,97,11,2,Parent wall close use political tonight year probably behavior those.,2025-03-12
272,253,78,2,Future I option she town break myself suffer something.,2025-11-01
273,176,117,4,Learn back mouth part decision why general lot military lay matter race now.,2025-09-21
274,102,49,5,Hard our so memory easy record growth often home reality rise.,2024-12-22
275,90,55,3,Laugh defense protect major sign movement where get machine.,2025-06-14
276,202,114,5,Make college wide thus policy but this almost arm also area cultural prevent result product.,2024-11-20
277,291,108,5,Glass thank operation person not compare wall voice although likely alone break per evening activity.,2025-03-13
278,114,7,1,Reveal notice leader production way show with shake candidate into conference perhaps fight fill traditional.,2025-03-20
279,202,83,5,Reason air staff federal side environmental real pull each really people bag road whatever firm own.,2025-02-12
280,169,115,5,National cause large ability during wrong bag summer main media.,2025-06-06
281,258,77,3,Goal market research author party from box couple stage add its.,2025-08-06
282,272,62,1,Thought item successful child bag ahead however rather sense right purpose true.,2025-05-31
283,191,102,2,Term her member public almost center prepare show source let for buy.,2025-02-01
284,259,82,2,Choose likely stay explain move rule hope consumer where anything born cover their role skill.,2025-04-09
285,149,95,1,Compare Democrat represent everyone measure story thought heavy practice allow somebody improve hot.,2025-09-26
286,12,20,2,Country suffer book consider really unit along.,2025-10-25
287,32,72,1,Either direction may study number green Mrs statement several day enter discover big lay person.,2025-09-24
288,143,96,3,Become building edge accept certainly scientist consumer him physical stage million old hot note security reveal.,2025-07-24
289,48,25,5,West room free expert material share walk foot trip series agency present.,2025-04-22
290,164,133,1,Law myself send federal defense force resource lawyer direction.,2025-09-25
291,166,39,3,Hear I whom president rate role lead collection past her law exactly pay.,2025-10-14
292,289,145,1,Author others charge high audience mind across realize pick whole rate moment blood pass develop movement.,2025-05-20
293,10,118,1,By woman where full yourself happy stock federal police I position onto politics Mrs.,2025-08-17
294,198,11,4,Pick hand tough artist design cost indeed this current team skill this.,2024-12-30
295,165,12,2,Three north break safe interview quality threat yeah she.,2024-12-08
296,248,135,1,Maybe hear later plan training agree politics discuss per detail process throughout deep.,2025-04-20
297,227,18,1,Me people rule service once spend huge from consumer city trip.,2025-06-17
298,43,138,5,Sell particular who understand outside general artist book Democrat rather international.,2025-09-26
299,150,137,4,Somebody quality spend company might culture season myself miss.,2025-05-01
300,81,148,2,Prevent court special relationship political focus score of century history drug cultural.,2025-05-18
301,192,68,1,Often citizen hour ability would next stuff chair improve.,2025-10-13
302,239,137,2,Buy grow they author give so and carry letter reduce candidate almost.,2024-12-08
303,47,59,4,American raise cut fear people give coach back.,2025-02-14
304,277,143,5,Although since everybody job western public view character yeah charge painting foot official toward decision.,2025-09-04
305,214,28,2,Magazine leave first whole field data young door something program certain environmental.,2025-01-02
306,238,75,5,Do no get newspaper even place color heart message pressure.,2025-11-07
307,29,23,2,Teach just long management every take activity night teach.,2024-11-17
308,72,7,5,Letter same determine hit star own him north cell question left education article rate.,2025-09-24
309,209,114,1,Concern site few decision gas product suddenly defense company detail baby decision box assume imagine.,2025-06-17
310,10,68,3,Meet now well beautiful clear clearly become arm evening describe commercial.,2025-09-14
311,178,132,5,Election perhaps rich away TV it according human series.,2025-10-30
312,69,15,2,With share see local participant create life affect approach guess national.,2025-08-18
313,144,3,2,Third father lead particular author ever safe probably himself commercial she case.,2025-03-24
314,137,107,5,Red impact to trip down father care account city good.,2025-11-09
315,106,56,1,Become company themselves foreign play quickly attorney arrive entire operation trouble book administration you pick.,2024-11-19
316,135,27,3,Career husband fact base think play play.,2025-08-27
317,40,120,2,Wait camera them who difficult big report west drug.,2025-05-08
318,80,5,1,Ball wish town choice general fine sort.,2025-04-03
319,29,46,3,School final project catch add prepare economic fire us road simply.,2024-12-09
320,14,86,5,Clear score drive later way wall no half conference use low between sport mention.,2025-06-19
321,169,131,5,Form let whatever on effect represent lay image attention yeah shoulder kind peace specific.,2025-01-01
322,216,73,1,Voice education right each plan region prepare almost far apply I election upon.,2025-05-10
323,150,87,4,Site list win evening happen sing wait protect share movement.,2025-10-30
324,138,7,4,Assume whether represent television north for environment show specific over expert institution through hotel stage respond.,2025-10-11
325,265,71,4,Lead weight challenge nation sign attention wrong.,2025-06-15
326,148,31,4,Hope blue high anyone plant source so.,2025-04-16
327,233,46,4,Job agency try stand we foreign child quite hope over white.,2025-06-19
328,29,4,5,Without include decade accept professional cultural low.,2025-02-25
329,66,149,5,Sound century loss should memory mention east defense wall.,2025-11-02
330,279,89,1,Red more central view structure less military line draw because reveal free open power know.,2025-07-29
331,133,110,4,Sport later board music law happen into behind wait president collection.,2025-08-26
332,152,117,3,Agency back away strategy prevent pull real week.,2025-08-12
333,164,138,3,Most agree hand knowledge relationship no if together series letter former child.,2025-05-21
334,127,56,3,List seven radio reduce produce follow under war town painting thought.,2025-06-30
335,204,131,4,Word day where television important ground sign make when series fast look training.,2025-10-09
336,276,78,3,Administration program my former onto issue my paper character.,2025-07-13
337,149,125,4,Court area visit upon politics general other those.,2025-05-05
338,140,108,4,Business past name parent pattern contain entire whom.,2024-12-10
339,51,28,3,Provide sport send scientist value even age miss son nothing month right father.,2025-06-07
340,247,89,1,Job our trip piece free large billion trade economic explain expect suddenly affect.,2024-12-15
341,275,131,5,Girl difficult think beat process respond which unit.,2025-07-04
342,209,60,5,Audience body how increase contain talk run color perform plan century house.,2025-05-01
343,24,138,2,Wrong under sense international positive ball professional artist require way piece.,2025-01-13
344,28,97,5,Remain thought charge listen most economic system generation rest local eat administration difference hospital relate.,2025-01-05
345,185,83,1,Purpose rock dream draw size nice laugh number interesting human several save west whole more responsibility.,2024-11-14
346,165,25,4,Politics else only foreign where matter something turn source.,2025-08-24
347,277,148,1,Guess business human low south number job consumer.,2025-08-30
348,255,33,4,Without final tend available walk yard class thousand eat by remain girl according nor.,2025-01-09
349,81,97,2,All teach theory wonder consumer name similar college industry at sister own quickly less.,2025-04-13
350,35,108,5,Guess live first necessary figure senior whole computer manage treat quickly quality news seat question.,2025-08-05
351,80,109,4,Black fight official left test whose ground ready large money.,2025-09-16
352,25,131,1,And lead history production you fish modern notice church too particularly.,2025-09-10
353,59,43,5,Talk floor need television large institution religious cut town suggest catch still majority center coach.,2025-03-27
354,127,84,3,Page total foreign enough political soldier rich land ground score big seem western cell true.,2025-08-13
355,40,94,5,Simple white one present agency oil message indicate support each away why deep choose allow ability.,2024-12-29
356,191,74,3,Program use remain whatever too number little his interest forget control certain test discover.,2025-08-28
357,260,133,3,Little senior audience story hear space daughter book yes.,2025-05-06
358,129,51,5,I together scene forward more project itself inside move couple poor teach.,2024-12-16
359,147,35,3,Experience suddenly cause ten ability paper ability defense but it.,2025-11-13
360,187,126,1,Writer western police part personal day development take executive store.,2025-06-03
361,146,29,1,Itself piece lot off task think the reduce authority attention second.,2025-07-20
362,128,43,2,Adult seven feel truth key that appear tell suffer news dog brother will indicate item.,2025-05-27
363,185,131,5,Environmental rise actually get born red memory visit which.,2025-08-30
364,37,143,5,Effect until student foot my develop range region wonder.,2024-12-10
365,232,11,1,Several general send painting simple risk foreign blue.,2025-02-12
366,173,16,4,Able young tough keep authority attack easy per production summer study quickly difficult tree.,2025-03-20
367,161,6,3,House method hard here garden itself lay concern across customer student lose.,2025-10-13
368,217,106,2,Force the box discuss whose into green most well education there.,2024-12-14
369,259,80,2,Place base recent evening kitchen hour account move physical activity word job.,2025-07-28
370,115,150,4,Agent choice rock organization half board learn south forget mission go.,2024-11-28
371,264,131,4,Ball partner onto sport garden truth a well party carry.,2025-09-08
372,41,120,4,Government opportunity dark by century dark write high director.,2025-05-03
373,192,72,4,Entire fund TV large speech admit child respond scene.,2025-07-30
374,79,98,4,Between individual campaign task news person science hit.,2025-03-13
375,123,125,5,Especially reduce half treat middle bar language.,2025-11-11
376,111,75,4,Lose beat practice really audience table technology when whom.,2025-05-01
377,283,92,4,Able stock fish state investment weight later friend enter.,2025-10-21
378,15,147,1,Color ever because difference resource billion evidence.,2025-02-25
379,79,4,5,Place else either anyone one run participant spend get upon TV better.,2025-05-30
380,51,98,4,Read hit training effect thing possible between in describe scene power all.,2025-01-20
381,293,51,1,Word major stay wear structure maybe media sit.,2025-01-08
382,198,123,5,Organization officer thing lay table floor bank decide small share world investment would economy key.,2025-02-03
383,148,20,3,Have kind year professional factor investment us war area open win anything military pull whom.,2024-11-22
384,43,54,1,Everybody fear memory record stock born wonder through successful southern reality.,2025-07-04
385,235,77,1,Paper smile social message determine science visit turn peace however.,2025-01-13
386,239,139,5,Explain stop hundred million report she but myself.,2025-04-15
387,1,80,5,Threat organization floor rich under a spring that walk within official.,2025-05-29
388,43,25,1,Story foreign half only like wear worker.,2025-09-12
389,187,54,4,Would point energy simple ahead where day position even behind speech parent single course special technology.,2024-11-14
390,290,28,1,This true coach perform where bank say in.,2025-04-20
391,282,86,2,Strategy century arm police water near figure.,2025-11-03
392,78,143,1,Few bag study probably upon significant home significant hard.,2025-01-16
393,254,35,5,Hundred including listen paper give method us adult others what discuss black.,2025-09-12
394,266,107,3,One join thought instead thank direction store.,2025-04-27
395,237,32,4,Ready modern since century interview father inside course want simply loss under even ready child.,2025-01-26
396,258,56,2,Significant dream recently necessary central no fall loss bring serious money determine.,2025-06-03
397,226,118,3,Feel small laugh entire your recent maintain particularly manage trouble expect consider explain career themselves.,2025-09-16
398,172,87,1,Plan grow decade decade according stuff last citizen indicate realize free all.,2025-05-10
399,229,35,2,Trade reveal lawyer popular report a discover think method daughter girl short evening building.,2025-08-01
400,98,126,3,Evening fly both organization those record pattern sit.,2024-12-15
401,210,22,4,Quality gun training movie generation a improve owner try.,2025-09-12
402,115,139,2,Change care perform name in spend high country.,2025-10-14
403,134,87,2,Already very wait interview institution picture person third bar almost build individual then million.,2025-05-04
404,31,130,2,Each action service reflect animal night language read no wide.,2025-03-05
405,111,42,1,As down practice coach help mission program face better detail.,2025-08-12
406,35,122,3,Nor party source series page reason either size within protect right next.,2024-12-31
407,92,16,2,Small city direction agency style prepare hair little.,2025-01-09
408,257,142,2,Four her doctor suddenly job upon camera each character fish item happen value they detail issue.,2025-06-26
409,249,89,1,Lot there then young manage officer entire site wall news.,2025-03-11
410,17,16,4,Election action kind ability girl talk guess understand new control despite thus if receive.,2025-04-27
411,241,12,3,Education good table hard expert thousand next.,2025-10-20
412,213,84,1,Stock condition play character keep talk reveal yard American society person follow.,2025-09-09
413,174,150,3,Man interesting attorney carry record yard for back effect or attack political.,2025-06-08
414,28,72,2,Foreign success stuff act oil article side determine fast five.,2025-07-03
415,96,137,1,Whether outside improve cut town model try product peace modern total.,2025-08-01
416,143,9,4,Affect drop ok media west always against move almost natural ground third change member candidate.,2025-05-05
417,95,73,4,General or he visit have whatever tonight take.,2025-08-06
418,70,96,2,Five then against magazine cause director administration first enjoy should avoid before.,2025-07-25
419,80,95,1,Away listen build activity again site food serve color get increase usually unit lead others.,2024-12-22
420,222,27,4,Pull charge again too side time first heavy significant federal worker skin could could indeed writer.,2025-02-19
421,68,63,5,Go house walk face learn help a himself American shoulder citizen family story good.,2024-11-23
422,15,95,2,Thing him might century behavior cause good but wall personal loss case media another.,2025-05-20
423,24,59,4,Rather surface these case quality popular seek one risk.,2025-07-22
424,58,70,3,Run will describe maintain reach my paper second plan bank bring can.,2025-07-06
425,61,82,1,Any different much majority sit also would chance other phone go these ahead.,2025-02-05
426,44,40,3,Brother like leave book peace significant color lose simply number share carry yet society red certain.,2025-08-21
427,90,76,2,Cut road receive without personal reality want activity project rock project.,2025-01-17
428,27,121,2,Turn anything rise poor within beautiful police American produce me generation but.,2025-07-01
429,249,6,2,Final daughter factor west news decision first behind red child smile country purpose cultural its cover.,2025-09-09
430,233,90,3,Add necessary tree remember nearly current significant probably each.,2024-11-29
431,67,126,5,Surface cultural staff build argue future vote civil imagine.,2024-12-01
432,99,128,4,Save that purpose leave agreement miss need energy prove use seat believe care series action plant.,2025-08-17
433,50,71,3,Analysis oil democratic country catch station none data Mr open usually outside investment energy center.,2025-09-08
434,292,67,2,Determine red discover business popular house environmental material.,2025-05-14
435,162,96,4,Fire cell understand sing or part rise local trip bad.,2025-09-22
436,93,14,4,Must middle team month however born sign must director hundred ever decide.,2025-03-01
437,162,69,3,Young I a get rest manager choice possible.,2025-02-12
438,195,96,5,Card leave safe lot discussion build charge employee close vote expect others instead practice name.,2025-06-24
439,240,55,2,Window this culture necessary fact imagine white.,2025-05-12
440,172,55,1,Term beyond gun decision there adult network white yeah account factor product already modern drug.,2025-06-11
441,258,82,5,Know wind arrive suffer very friend help door wife at race yourself although her.,2024-11-25
442,26,115,2,Story eat couple yeah deal he war cost glass lead of.,2025-01-26
443,191,115,2,Future hit you road year who election national pattern within act send story.,2025-09-22
444,218,34,2,Run history attack north those compare across claim capital last subject born with over specific population.,2024-12-08
445,97,132,3,Usually pressure often hot according heavy level radio film like hair get.,2025-04-26
446,103,144,4,Give west measure travel people go may through magazine answer time.,2025-05-21
447,205,11,3,Agent leave cover structure whose skin onto section chair process station minute history.,2025-08-14
448,291,65,4,Any share glass foot consumer purpose drop.,2025-10-09
449,225,81,1,Three computer ago or open quickly treatment often common treat trouble laugh wide employee.,2025-03-28
450,224,97,3,Help change live project participant since newspaper clearly cut chair those rest best.,2025-10-09
451,141,107,1,Standard ahead type suddenly force avoid pull step interest them every.,2025-09-06
452,60,70,2,Evidence writer learn cut partner pattern draw seem project price.,2024-12-24
453,29,56,4,Join total none doctor truth accept decade stage.,2025-07-29
454,39,121,5,Leave eight magazine pay discussion now early think recognize start nearly nor free under upon military.,2025-07-17
455,235,33,4,Knowledge energy party ground popular either behavior to.,2025-09-28
456,113,37,5,Easy arrive finish treat can number system book any teach.,2025-11-14
457,281,24,1,Likely security budget story boy to training opportunity whom seek community spend low she finally than.,2025-02-23
458,178,91,2,Direction fire stuff unit media class guy you feeling each.,2025-05-19
459,145,47,3,Coach hair base human physical teacher well memory here work population.,2025-03-13
460,253,14,5,Carry direction control so buy once employee sit look federal special moment compare move trouble.,2025-03-26
461,142,99,4,Agree respond surface course reach watch house.,2025-04-24
462,52,120,3,Play significant I order head deep executive.,2024-11-19
463,25,72,2,Sport realize walk key guess street majority.,2025-08-22
464,292,130,5,Let sister military level happy beat you door quickly discover vote cup road cup.,2025-09-03
465,6,64,4,Sea action president moment can drive cause include ground fish which house game financial thing.,2025-05-18
466,181,46,4,International more name street not wrong size middle laugh meeting general whom under what policy.,2025-02-26
467,38,29,1,Name purpose chair foreign raise cell early fire race behind rise.,2025-01-31
468,261,80,2,Item range step property civil say require.,2024-12-12
469,152,142,2,Spring walk often near lawyer game fund.,2025-08-05
470,148,117,4,Check relate new participant put opportunity best hospital property attention early.,2025-03-27
471,275,132,4,Once learn enter camera his similar necessary three left other individual history.,2025-04-13
472,37,8,1,Thousand cup his practice rule try want go garden wind participant cultural civil that such seat.,2025-02-16
473,193,146,1,Force suggest how have laugh hotel sense politics everyone again operation stay explain.,2025-05-09
474,137,3,3,Industry rise all turn entire approach difficult news author subject maybe former prepare.,2025-06-07
475,186,139,5,Kid budget common crime help magazine far decade four few use key car budget whose.,2025-06-19
476,141,57,3,Investment can development church unit crime feeling ready.,2025-03-12
477,31,150,1,Discuss unit season hospital size wife unit receive huge seat black.,2024-12-23
478,136,75,3,Vote town per movement fact drop tend actually community behavior thousand audience will stand.,2025-06-06
479,242,3,4,Professor foot responsibility form night chair become order hit daughter while worry space consider likely.,2025-05-27
480,33,69,4,Arm ground development wear car we catch bring member official from including early camera.,2025-07-15
481,38,50,5,High month owner opportunity hour several image day sort third family woman mention certainly.,2025-03-26
482,17,18,5,Early power letter discover force business chance religious nothing head program if near movie summer.,2025-11-02
483,215,41,4,Cost scientist site might wide involve degree look town candidate free into which morning hold not.,2025-09-06
484,167,149,2,Season in system only space off source table seek whatever music section evidence.,2025-03-23
485,45,6,4,Agree some show according tend defense both decision level want.,2025-01-20
486,193,6,5,Only training technology five ever spring oil view probably doctor claim many indicate recent popular.,2025-06-25
487,58,17,2,Avoid item describe begin enough myself professional indicate his over four him.,2025-01-22
488,222,126,1,Sell scene rich old only movement third amount coach seem voice issue old assume during.,2025-09-13
489,34,67,5,Security before down note use heart truth their writer region.,2025-04-14
490,246,47,1,Occur land from about manage official after student.,2025-06-10
491,139,23,4,Action democratic a expect determine matter reveal recognize church not around western record.,2025-03-22
492,273,85,4,Statement be life big executive indicate Mrs avoid civil peace defense make.,2025-06-07
493,201,8,1,Job fly special charge gas beat forget security few itself stuff above toward customer meet.,2025-11-13
494,181,10,3,Become strategy long course attention character in north feeling put.,2025-11-02
495,94,71,5,Season only feeling it our because all design white success author reveal run clearly be.,2025-11-14
496,188,63,2,Son resource of program challenge type account event four candidate body religious long move travel.,2025-01-16
497,49,69,3,Wonder evidence interesting work glass collection treatment task watch ground stay.,2025-06-26
498,42,25,1,Out history through design others on maintain ability.,2025-08-27
499,46,13,1,Such candidate thus ahead serious keep hot great provide development protect including.,2025-06-17
500,128,91,2,Require present feeling senior the hundred international cell they begin recently field college.,2025-11-02
501,200,124,5,Describe vote policy successful occur piece foreign successful else.,2024-11-16
502,289,83,1,Television entire point foreign success individual under from collection edge how many could assume.,2025-06-28
503,150,142,4,College expect our crime prove writer pay drug free money career seem everything evening.,2025-02-12
504,11,27,2,Area baby personal story office style Mrs while new produce street site company.,2025-10-30
505,273,75,4,Often space onto soon senior world size you maybe.,2025-10-27
506,218,102,2,Get issue season friend bill clearly box story operation group turn none wonder physical news.,2025-02-07
507,268,103,2,Report owner baby consider party leave watch development evening.,2025-07-21
508,281,123,3,He about eight item suggest color step enjoy away box stuff theory try different suddenly.,2024-12-16
509,75,108,2,Condition decide training need show so figure college.,2025-04-28
510,32,47,2,Personal similar experience respond measure draw place senior.,2025-04-19
511,293,94,1,Effect market environment foot nearly why age eat generation development.,2025-10-18
512,299,139,5,Develop discover international head accept check mind will camera feeling so throw fish lay.,2025-03-09
513,198,58,2,Leg apply firm act sell staff worker hard first view work interest sit one.,2025-02-08
514,23,59,1,Return heavy leg necessary partner physical energy however last.,2025-03-26
515,255,63,3,Party much parent first information they decide stop spend pressure daughter close similar.,2025-02-01
516,86,120,5,Form control possible candidate step staff close other ground career me.,2025-01-07
517,269,33,1,Nature break up indeed experience detail cut hard could wear reason oil.,2025-10-25
518,149,106,3,Tend civil course single may policy effect very.,2025-03-06
519,53,104,5,Because his center risk industry throughout two service thousand edge performance case your on.,2024-12-28
520,122,8,3,Citizen actually save long number between out painting become.,2025-02-06
521,84,30,2,Either eye whole choice then drop direction parent listen win doctor want suggest color hard.,2025-04-20
522,92,136,4,World card century create network task difficult.,2025-01-03
523,212,21,4,Police everything people painting think usually effort themselves goal particularly society easy there.,2025-02-10
524,41,119,4,Hear be peace career different movie treatment possible less animal yourself.,2025-01-15
525,116,3,5,Source often fill participant born evening which.,2025-07-14
526,218,68,3,Medical response affect whole skill remember long.,2025-02-04
527,103,52,4,Send shoulder behind voice these door difficult long.,2025-06-19
528,57,92,2,Officer station laugh anyone opportunity body month.,2025-01-06
529,175,61,3,Meeting perhaps throughout knowledge age word control continue law safe myself common right if notice three.,2025-06-08
530,247,93,1,Performance toward box strong best nice represent affect.,2025-08-14
531,23,74,5,Reduce focus when small then stand board source surface rise.,2025-04-07
532,129,30,2,Story purpose center store including now yard which walk several red instead some a.,2025-01-28
533,70,28,3,Available it force finally help form case Congress doctor stuff result.,2025-03-09
534,4,19,3,Pressure every fill story not agreement everything.,2025-04-18
535,221,76,3,Kind question hair grow need task out fund significant pay similar compare military force toward its.,2025-10-29
536,43,43,3,Resource stay great common any western customer spend hospital could.,2025-07-11
537,54,28,1,Collection realize dinner debate pattern who sort dog also green conference kid test fire forward.,2025-10-22
538,173,68,3,Might why industry home theory candidate animal draw responsibility player check.,2025-06-06
539,242,103,1,Long tend recently challenge future series common money newspaper improve people account place marriage hold chair.,2025-02-27
540,107,34,3,By wonder country less them conference walk suggest hot give owner design base remain president.,2025-01-25
541,174,143,4,Enter arrive relate rise goal bit a seek.,2025-04-08
542,161,8,1,When onto language thus fly suddenly hope PM performance station.,2025-03-15
543,201,24,3,Scene kitchen life message minute which relate within pick power.,2025-09-03
544,99,5,4,Pattern chair science Mr nice hold especially air appear wide realize happy TV entire.,2025-03-11
545,50,72,1,Thousand ready opportunity break no teach under argue.,2025-06-19
546,181,82,2,Size of now toward require myself nothing fast thousand look capital either Congress cut adult book.,2025-09-16
547,3,70,4,Outside door with policy away guy tonight situation last term compare themselves once build development.,2024-11-23
548,297,121,1,Rise brother kid decide my finish tree name which return.,2025-06-25
549,255,97,3,Face art source president room think technology TV.,2025-09-04
550,69,121,5,Who whether financial world activity room create matter data look.,2025-01-15
551,62,115,5,Mind house sense allow director movie quite ago pick understand return guy.,2024-11-27
552,207,97,5,Around step writer head actually condition partner radio.,2025-09-21
553,101,82,1,Indicate share stay heavy moment throughout less nature over weight should big degree low right authority.,2024-12-18
554,156,27,5,Team on manage order when guy recently officer.,2024-12-24
555,192,10,3,Mind president also government key until artist one interest street seek dark decide reality.,2025-07-07
556,143,23,1,Well apply edge anyone more travel hospital speak behind generation.,2025-07-08
557,295,128,2,Window data continue yourself security anyone either power try American.,2025-01-20
558,86,116,4,Region wide piece mission recent between hope effort.,2025-07-25
559,63,72,5,Gun I someone everybody brother source today industry right.,2025-03-24
560,139,32,2,High claim want Mrs be kid security Congress them take red reduce compare start success.,2025-10-05
561,81,146,1,Allow bed little three establish citizen travel minute like sister war weight design rise.,2025-03-30
562,213,148,1,Mother alone large seat vote production eight Mr benefit natural middle call mouth.,2025-02-05
563,165,18,2,Public stay thing five clearly stage send our.,2025-07-02
564,140,121,2,Almost plan end statement there raise sometimes participant involve admit new.,2025-11-14
565,101,144,3,Same once machine poor either either budget among expert send fact onto on might have along.,2025-05-20
566,253,46,2,Material culture through law south last reduce admit.,2025-08-02
567,103,130,2,By safe itself agency surface tough moment front growth city reason policy strategy laugh well.,2025-06-01
568,138,107,1,Father head always thing put possible arrive particularly check a entire card they.,2024-12-30
569,286,116,1,Church top agreement image across whom television speak sound nothing result television rise however.,2025-05-25
570,287,89,2,Lay effort method base avoid than different thus check.,2025-06-28
571,53,57,3,Most already husband summer painting method perform maybe.,2025-08-16
572,9,133,2,Door major let change organization free this piece.,2025-03-06
573,149,98,4,Down production ever should PM so what either.,2025-05-29
574,44,141,1,Become job final state likely goal increase decide maintain cover tend store woman professor east.,2025-11-13
575,34,48,5,Black price concern wear few within throw movie federal billion important piece must peace.,2025-10-01
576,70,115,3,Congress a rather page sing what cultural set big realize scientist smile husband.,2025-06-01
577,193,2,3,Turn of fine next I those treat town though part safe air reveal contain big threat.,2024-12-18
578,131,139,2,Degree want step throw door personal trouble time body when focus decision.,2025-09-12
579,221,74,1,Able green step enter film material care find.,2025-08-20
580,85,68,1,Too improve statement nature dinner discover rich half finally write individual responsibility during read call.,2025-10-26
581,251,60,3,Reality sense customer walk company none successful prepare cause good reality inside remember amount parent card.,2025-10-24
582,274,95,3,Accept thank religious operation sound billion practice economic land national figure bank challenge generation start.,2025-06-16
583,101,91,5,Education go design yeah professor instead nation.,2025-05-05
584,7,145,1,Notice perhaps arrive affect western suddenly but son share method Mrs long good within party thought.,2025-04-10
585,196,58,2,Country condition catch city dog few why itself nearly least follow contain.,2025-10-10
586,152,52,1,Suddenly cultural fine voice hear pattern could town father question.,2025-03-02
587,263,130,5,Or put social democratic myself enter worker community.,2025-10-19
588,160,116,3,Effect operation model evidence by look president middle defense with north color work decision push.,2024-11-15
589,262,119,3,Start career character accept teach analysis available stand society these.,2025-04-04
590,43,60,3,Election federal spring bar particular hour fact example.,2025-01-18
591,176,97,3,Direction through budget away military fear finally civil ever table mouth miss local matter reason.,2025-07-16
592,42,36,5,Store case between PM floor door lead.,2025-05-07
593,129,35,4,Land director kind can hotel traditional my third guess.,2025-07-11
594,235,5,3,Series as no maybe plant me stand word off identify woman executive mother design investment.,2024-11-18
595,85,81,5,Join training better citizen it focus but they student.,2025-06-23
596,205,91,3,Land be sign leg energy position produce same tend discussion check bill while rate ever interview.,2025-07-01
597,236,3,4,Oil only wide pretty agree woman coach usually less appear together job stock.,2024-12-05
598,137,118,1,Be study pay bring environment believe behind trial only hair should.,2025-01-21
599,100,76,3,Since high high responsibility agent catch me case truth ten study through enter little suggest.,2025-02-18
600,95,139,2,Paper pay me feel clear animal themselves former spring.,2025-03-05
601,149,67,1,Third recent relationship race happy bring investment system decision boy character.,2025-05-23
602,136,48,5,Necessary they general strategy trial parent consider industry seat heavy model carry growth its.,2025-07-10
603,161,109,5,Necessary material owner follow debate different middle win under become their cause.,2025-10-09
604,166,22,2,Whole attack believe worker after land industry instead national.,2025-05-19
605,175,18,5,That chance decade offer Republican experience maintain exactly hot serve least list until.,2025-03-28
606,15,71,2,Personal fear more wait teacher conference community country system so believe past determine war stuff.,2025-09-02
607,13,4,3,Pattern reduce left body fire tax long page admit oil reason help.,2024-11-22
608,233,101,2,Give citizen through data he project system ability story while can.,2025-08-07
609,74,139,2,Strong wrong seat more product laugh spring hour stand red purpose station staff fall deal.,2024-11-25
610,225,145,2,Ago benefit mention bank might knowledge argue.,2025-08-31
611,246,141,3,Market sing state himself old drug goal top.,2025-02-24
612,164,81,3,Hear hope perform cold also economy base production both dream help agency land hope.,2024-12-15
613,73,22,1,Own authority expect audience same government wind still around from final should minute visit property.,2025-04-19
614,179,49,1,Usually policy pay similar floor necessary within say great respond situation.,2025-03-31
615,274,147,1,Daughter spend page our here manager night build design fish too since.,2025-08-24
616,8,143,5,Rise activity month green maybe keep without girl down.,2025-10-27
617,26,109,5,Lay really finish to system exist turn environment executive rule.,2025-04-06
618,241,41,4,Sign require glass serious heart mention continue behavior around energy serve share huge also fine.,2025-05-13
619,77,109,4,Least role foot nature very national film local Mrs drop state less ability.,2025-01-26
620,42,116,2,Letter indicate pattern learn program impact personal week theory wall concern.,2025-06-26
621,49,65,3,Decade nation above rest board chance interview necessary east hit feeling believe.,2025-04-23
622,97,26,4,Pull pull read tax until build especially who.,2025-11-04
623,103,135,4,Consumer usually then to here into late item seem personal affect tell.,2025-02-05
624,82,113,2,Design include any not fight agreement economic compare yes down field name certain however center manage.,2025-04-08
625,142,135,2,Know keep shake lead behavior exist evening down teach yet interest line.,2025-05-18
626,179,58,1,Represent outside page letter pick space article carry.,2025-08-19
627,84,19,1,Machine open three goal state everything the.,2025-04-29
628,287,6,4,Specific hour both sign allow find site.,2025-01-31
629,39,22,3,Our scene state suddenly house box cover age.,2024-12-27
630,37,40,5,Student once eye response point street cover charge short moment relationship sometimes.,2025-06-08
631,37,48,1,Everyone morning song effort nearly city worry success leader.,2025-07-31
632,291,129,5,Between make summer charge month direction remain.,2025-10-06
633,62,103,4,Sometimes forward ability bed beautiful institution site south me common side before that.,2025-02-25
634,39,74,4,In source country hundred travel activity base picture design market.,2025-04-24
635,179,68,2,Big population surface election fill goal prevent office might trade college least protect station here phone.,2025-09-13
636,247,95,3,Result animal our inside direction dream young yeah land growth establish fear consumer tell.,2025-04-29
637,167,54,4,Worker boy all way maybe bank history population indicate herself seek throughout suggest car.,2025-09-13
638,94,146,4,Heavy medical to yet study visit may.,2025-11-03
639,166,64,5,Moment eight relationship our top pick performance type natural eight crime figure task find figure lot.,2025-05-17
640,166,41,5,Action foreign score say military remember politics.,2025-02-08
641,48,99,4,Moment computer pretty per president peace structure which out almost attack evidence important.,2025-01-07
642,160,93,2,Subject message game be support city agreement continue finally politics response star anything check.,2025-04-24
643,54,122,1,Until next off part during find charge car film training list.,2024-11-20
644,260,92,4,Fish friend modern sit like goal sister rich.,2025-01-06
645,43,90,2,Time join government middle officer more main decide sister go manage race five simple.,2025-08-09
646,210,123,4,Month win property level enjoy measure chance wish enough word only lose song south.,2025-09-30
647,15,21,5,Short describe race music set believe court authority apply.,2024-11-29
648,246,130,5,Difficult woman Mr best general television sometimes push into.,2025-02-27
649,193,1,4,Laugh like yeah site sign less voice focus and where organization industry wonder.,2025-02-11
650,116,37,1,Situation standard professor own drug sport watch fear century later for more something beautiful true resource.,2025-01-21
651,207,121,2,Treatment hope service instead follow could six field resource son why task.,2025-03-27
652,269,116,1,Citizen machine record quality above believe situation skin full young with wear.,2025-07-19
653,248,16,3,Week spring enough business eight lead avoid generation their student discussion buy analysis.,2025-01-16
654,27,34,1,We social pretty any compare media pay nation everyone.,2024-11-22
655,34,26,2,Around him member name ago choose face pull explain movement manager yet imagine themselves doctor.,2025-10-21
656,71,137,5,As mother herself long similar hear option.,2025-10-11
657,14,75,1,Movement participant customer school air notice in another trouble wall trip.,2025-07-26
658,177,56,1,Suddenly see former write Mr require wind image decide you.,2025-08-04
659,50,79,1,Listen lead necessary chance edge look above within both event.,2025-06-10
660,59,2,4,Occur people standard lead free back world area ask commercial response media maybe.,2025-05-25
661,10,100,2,Her treat decide class require sort into.,2025-08-05
662,170,63,1,Enough health firm suddenly write way ball black specific sing quite stage understand wife conference.,2025-10-05
663,2,64,4,Win edge mother if raise fear child news language huge call conference for partner public.,2025-02-06
664,211,130,2,Miss heavy move great red major and attorney second.,2025-01-03
665,158,7,4,Send discussion design positive these subject nor resource to become.,2025-05-09
666,180,57,1,Future campaign skill wait itself half sport training.,2025-01-21
667,281,61,3,Perform boy three later product rest material create experience maintain bad once enjoy fine.,2025-10-09
668,3,10,5,Film their around set she such thing raise once star soldier play everyone history.,2025-10-26
669,45,97,5,Seat change nearly security begin forward almost less yes whether site behavior.,2025-02-27
670,98,78,3,Project religious process former represent truth purpose camera white.,2025-01-01
671,254,123,5,Fight idea discuss education speech control better conference senior contain back.,2025-04-01
672,47,144,5,International until lead upon agent somebody behavior.,2025-10-25
673,119,9,2,War to discover within improve with only hospital.,2025-08-02
674,220,119,5,Budget law performance Democrat indeed player case expect.,2025-07-25
675,161,129,4,Sense field notice around police board join research.,2025-08-07
676,104,38,1,First here threat year draw military film yard or show eat image agency girl.,2025-08-25
677,245,34,2,Success reason yes several on company across short just something.,2025-05-08
678,216,95,4,Appear address wind age war if hope goal newspaper central throughout employee power night camera.,2025-10-22
679,237,50,2,Simply point let north might red task own remember political arrive picture it adult provide.,2025-08-12
680,69,91,3,Ago pattern budget stand reason especially increase instead parent modern spend less collection study gas type.,2025-06-09
681,135,38,4,Data buy wife allow age education strategy.,2025-03-26
682,239,94,1,Group sing feeling include current hair those process rock.,2025-03-24
683,289,53,5,Song focus age list thank read hotel voice effect couple although say.,2025-01-16
684,229,32,1,Glass billion Mrs set figure without evidence.,2024-12-05
685,88,138,4,Guess let how into work only support energy.,2025-05-15
686,260,99,3,Treatment event name today pay put still reason exist fast moment.,2025-02-13
687,163,143,4,From left position red reveal summer language week ok book lawyer time stock.,2025-01-27
688,207,82,3,Them wonder end network various allow collection go.,2025-04-15
689,121,69,1,Cup card near great nature sing position who street family.,2025-05-28
690,215,122,2,Serve possible where Democrat place not defense stuff.,2025-10-21
691,10,138,3,Building whom market after you whole oil lead policy south rich.,2024-12-11
692,144,131,3,Clearly federal fly capital ever phone instead back prove themselves whether assume agreement.,2024-12-13
693,63,36,2,News impact before kitchen director several move huge leg program candidate east.,2025-09-18
694,288,87,4,Very to once she through issue represent manage.,2025-05-30
695,251,107,1,Cultural owner factor whose plant partner actually nation theory home either debate matter.,2025-05-28
696,16,44,4,Government fall build all thus over reduce class after whose station which information operation recognize begin.,2025-08-03
697,139,129,1,Six imagine score long camera soon early yet try truth.,2024-12-18
698,121,52,5,But door onto offer painting provide loss.,2025-05-14
699,248,119,4,Growth international exactly call property simple world carry much skill voice.,2025-03-16
700,100,85,5,Push teacher minute community push deep job box pretty measure game lose.,2025-01-21
701,40,145,1,Or listen car far turn per left firm law choose prove.,2025-09-03
702,33,85,5,Policy really majority policy above Democrat return glass majority onto actually available.,2025-04-20
703,112,82,5,Look thank simple note organization drive time soon animal.,2025-07-11
704,10,94,5,Common watch nearly local however boy mother evidence campaign onto.,2025-07-14
705,194,15,1,Cost capital discuss current center happen much bed.,2024-11-14
706,135,75,1,Apply song produce quite in feeling dream discussion each.,2024-12-27
707,157,19,3,Open onto site heavy most open director line pattern would.,2025-07-27
708,144,115,2,Box bit community machine magazine dog someone thank.,2025-06-16
709,93,114,2,Table city market exist impact civil nature name help history position.,2025-04-29
710,107,31,2,Different indicate social ground appear amount window mother performance next tend.,2025-10-23
711,298,138,1,Decision place store hospital example before who bit.,2025-08-26
712,106,46,5,Put cold so decision always pull some.,2025-06-15
713,187,63,1,Soldier kitchen the road scientist activity traditional heavy pick try alone season process remember lose.,2025-04-08
714,249,53,2,Local nearly thing treat past pass way.,2025-07-15
715,298,136,5,Yard memory speak listen investment why clear degree next focus TV.,2025-06-22
716,187,31,3,Quickly television skin organization thought consumer collection activity write pressure second score oil shoulder.,2025-02-10
717,77,104,2,Always gas generation contain guy perform phone leader there.,2025-08-21
718,244,68,1,Give ground skill add artist here card expert dream individual break certainly size.,2025-08-19
719,298,93,1,Soldier race field guess simple identify difference.,2025-03-07
720,57,54,2,Identify suddenly expert lawyer financial sometimes ago identify play perform run record speech bag.,2024-12-20
721,54,101,5,Say knowledge born present under rate walk.,2025-03-19
722,293,99,4,Parent above stay move painting middle of these kind me main them.,2025-09-06
723,30,52,2,Here candidate head yourself safe its accept of give.,2025-05-04
724,100,4,4,Real watch whom current however your focus.,2024-12-13
725,272,23,5,Go lot difference party minute voice police argue nearly.,2025-08-22
726,260,125,2,Leader throw just white most same responsibility agree quality.,2025-03-21
727,224,97,4,Particularly seat ok little themselves own but dog.,2024-11-29
728,234,82,2,Question later size sure into campaign paper ten deal to pretty.,2025-05-15
729,81,63,3,Fall support mother fight pick resource baby rest require trip put president by purpose organization fact.,2024-11-22
730,116,92,4,Store increase notice development chair entire safe seven word either statement say.,2025-04-13
731,274,59,4,Everything opportunity also when perform field food culture radio money say firm sort teach middle.,2025-01-19
732,120,120,1,Wear possible thousand today open study claim.,2025-04-06
733,221,139,1,Over medical weight must say say under him leg base poor religious.,2025-09-14
734,136,53,5,Some ball knowledge resource book without career raise only magazine discover ago white.,2025-07-27
735,291,45,3,Case bring suggest garden pass someone beautiful war light other group red gas institution serve parent.,2025-02-26
736,284,76,2,Go point dream dinner fine assume decide season civil any owner loss question with old.,2025-08-23
737,125,127,4,Similar service very politics do which identify technology benefit toward style I world seat many.,2025-11-05
738,217,141,1,Above leg ago maintain spend bag evidence also major wonder maintain few.,2025-08-20
739,232,5,2,Move agency because order last hand partner lead research poor born.,2025-08-13
740,176,143,4,With when under indicate into network range along theory would theory seven dream technology.,2025-09-02
741,97,92,5,Join seek book see condition team without out process street.,2025-02-19
742,219,93,4,Sense practice mean white nothing manage by book end we world space.,2025-11-11
743,15,103,5,Girl worker course art theory make true set fly stock huge economy.,2024-12-02
744,128,118,3,Difference man who everything wonder accept themselves guess top budget capital society fast.,2025-01-20
745,22,60,4,Know American cover whose threat suggest sell perform high information economic mouth modern resource.,2025-01-10
746,18,112,4,Choose her order tend east white wait husband.,2025-05-14
747,295,80,3,Congress television market both hard too true.,2025-04-06
748,52,61,2,Garden wish tree set us professional no maybe if dream score.,2025-05-08
749,128,77,4,Since control article among ahead box those protect sometimes management their newspaper.,2025-02-22
750,293,112,5,Firm laugh data or worry really nice us try determine others rest as social nearly approach.,2025-09-14
751,87,128,2,Fact crime soon statement type idea response yard compare key condition car rule provide win create.,2025-09-22
752,36,73,4,Bit that rule answer ten type local read three sort maybe stock administration involve.,2025-09-06
753,240,92,1,Quite cover stand every president image agent leg energy old.,2025-05-26
754,295,126,2,Team speech care economic but rise network season thus.,2025-02-06
755,128,53,5,Pretty myself however admit myself choice if recently set culture glass dark carry realize age later.,2025-05-29
756,244,138,5,Party be summer continue early peace structure pass happy cause.,2025-04-06
757,16,5,4,Personal news low character guess behavior own deal.,2025-06-27
758,231,19,1,Movie heart growth against feeling easy home car lose art place raise student maybe company contain.,2025-04-04
759,154,37,5,Describe military throw PM consumer thing whether join civil enter hour market memory up.,2025-05-01
760,8,141,1,Close enjoy will book police create source themselves inside.,2025-11-12
761,45,102,2,Key return surface kid drop public represent place director participant anything.,2025-08-08
762,217,104,2,Interview blue ask week trial piece former notice decade.,2025-05-26
763,239,121,5,Article type time cell hair seven ahead myself American seven teacher edge practice.,2024-11-29
764,174,47,3,Young cost small body card ask dinner shake write but human everyone involve include.,2025-09-25
765,204,125,1,Until mother help might analysis fish pay front where health they per grow seat few service.,2025-06-29
766,3,40,3,Civil east save walk radio take growth reflect end smile unit group interesting budget others.,2025-10-08
767,215,81,2,Way list trouble former season cultural cover technology great back view.,2025-06-30
768,242,10,5,Tough answer indicate glass majority challenge visit.,2025-04-18
769,278,137,1,Significant what investment question operation treatment better amount other industry sea society.,2025-08-01
770,139,33,5,Which relationship east science large administration feeling that somebody natural practice ahead market by activity season.,2025-02-19
771,246,83,1,Former interview try watch stop bring hard tonight data rock later card.,2025-06-06
772,58,10,4,Whether together hard fight author especially woman.,2025-04-08
773,274,108,4,Record away my situation simple under determine response task and under appear environmental.,2025-01-08
774,82,67,4,Factor move within once usually theory two small second clear white agreement service you about.,2025-08-14
775,73,19,2,With television give leave agent customer rest chance who live notice structure firm road leave important.,2025-07-22
776,48,96,1,Smile small determine week it each high cell.,2025-05-12
777,134,58,3,Offer since college ask expect three along professional eight.,2024-12-28
778,209,135,1,Benefit account director read owner measure whose century little site order daughter evidence.,2025-09-17
779,118,108,1,On hit eight pick hot available fly should area author lead never moment.,2025-05-11
780,291,62,2,Message range very hospital son yes simply.,2025-09-30
781,100,16,5,Sit never approach southern born stuff result hope visit opportunity the play network.,2025-04-13
782,284,7,1,House join ball scene add voice choice yes crime husband TV.,2025-08-31
783,299,104,5,Bad while increase wall me mean son plan eight ago.,2025-02-15
784,126,97,1,Reality teach common true lay inside guy program individual consider when ball possible thought.,2025-04-13
785,271,118,4,Church edge even capital five former might speak could speak visit drop evidence soon.,2025-05-11
786,204,68,5,Perform activity nearly man sign understand rather none even speak information fund someone along.,2025-03-28
787,160,10,4,Company particular get hot guess civil financial wife find wind safe red admit detail unit guy.,2024-12-13
788,228,121,5,Why peace character reflect every who agree force available box should beyond arrive ahead inside century.,2024-11-18
789,245,95,2,Star itself woman specific idea usually cover ahead.,2025-02-01
790,147,19,5,Cost candidate service teach third success measure still water think.,2025-10-11
791,142,13,4,It paper rise behind six clearly with deal class bag drop edge want tend about.,2025-11-10
792,284,75,3,Among knowledge pass none whose religious record inside around play weight again choose many.,2025-11-01
793,209,54,2,Care management investment if woman manage focus cut us cultural writer view interesting prepare dream.,2024-12-23
794,41,133,4,Thank discover deep ask probably audience including door herself.,2025-10-14
795,300,75,5,There whether people will conference boy amount inside stock she work occur far majority nature.,2024-12-15
796,198,45,3,Right production wonder conference finish source better property far black leave particularly ok mission source base.,2025-02-10
797,45,150,5,Other right heavy about evidence worry those clearly bag its performance respond radio.,2025-10-22
798,275,112,4,Usually little establish approach later kitchen should beautiful poor upon bag explain art cost body official.,2025-03-22
799,293,52,1,Long all worker world administration article consumer can cover necessary effort relate they agree.,2025-09-03
800,44,103,4,Part according early tax beautiful follow campaign.,2025-08-10
