user_id,name,email,signup_date,country
1,Autumn Swanson,jensengreg@example.com,2023-05-14,Portugal
2,Monica Phelps,cclark@example.org,2025-04-11,Venezuela
3,Melinda Ramirez,mbean@example.org,2025-10-12,Thailand
4,Brandon Peterson,snguyen@example.org,2025-01-16,Turkmenistan
5,Julie Rose,qburke@example.net,2023-06-27,Bulgaria
6,Jessica Patel,blackjennifer@example.net,2024-09-21,Guernsey
7,Wendy Martinez,john38@example.net,2023-04-06,Hong Kong
8,Robin Howard,angelahill@example.com,2024-04-11,Nauru
9,Tammie Peterson,zacharyyu@example.net,2023-01-03,Sweden
10,Jennifer Miller,bwilkerson@example.net,2025-07-29,British Indian Ocean Territory (Chagos Archipelago)
11,James Ramirez,trevinobarbara@example.net,2023-08-09,Greece
12,Michael Sandoval,beasleyeric@example.org,2023-10-15,Cambodia
13,Mark Davis,usantos@example.com,2023-08-07,Tonga
14,Danny Lewis,denniscardenas@example.org,2023-11-22,Jordan
15,Kenneth Avery,wwheeler@example.net,2024-04-14,Isle of Man
16,Francis Shelton Jr.,sgarcia@example.net,2025-07-10,Haiti
17,Belinda Griffin,alisongonzalez@example.com,2024-06-26,Cape Verde
18,Joseph Walsh,bradshawdaniel@example.net,2024-04-14,Austria
19,David Gilbert,rebecca84@example.com,2024-01-16,Georgia
20,Tiffany Collier DDS,barreramegan@example.com,2022-12-29,Malaysia
21,Jane Miller,lawsonjames@example.net,2025-01-18,Martinique
22,Christopher Li,andrea52@example.net,2021-10-16,Isle of Man
23,Kathryn Phillips,christopher14@example.net,2025-01-14,Cyprus
24,Cheryl Francis,charleshenson@example.net,2022-09-09,Colombia
25,John Evans,michael34@example.net,2024-09-13,Vanuatu
26,Shane White,hmunoz@example.com,2023-03-11,Cameroon
27,Stephanie Rubio,angelica21@example.net,2022-11-10,Iraq
28,Kathy Walker,christopher74@example.net,2025-02-26,North Macedonia
29,Danielle Petersen,tiffanychandler@example.net,2023-04-27,Guinea-Bissau
30,Brandon Sherman,scott83@example.net,2022-10-31,Haiti
31,Randy Owens,brandon83@example.net,2021-11-15,Comoros
32,Devin Gutierrez,kimchad@example.com,2023-04-08,Czech Republic
33,Cody Tate,thomasmurphy@example.net,2022-04-26,Norfolk Island
34,Tommy Bautista,qcarpenter@example.org,2023-09-20,Pitcairn Islands
35,Diana Roy,smithandrea@example.com,2021-12-30,Bermuda
36,Tara Hill,rreed@example.org,2025-09-22,Bermuda
37,Carrie Krueger,mtapia@example.com,2025-11-02,Zambia
38,Christopher Ellison,melanieflynn@example.com,2025-02-18,Norfolk Island
39,Robert Hoffman,nferguson@example.net,2022-03-31,Papua New Guinea
40,Antonio Cruz,shannon43@example.net,2022-02-19,Norway
41,Susan Stone,qcampbell@example.org,2024-05-06,Saint Vincent and the Grenadines
42,Jessica Barrett,elizabethvasquez@example.org,2024-01-26,Guyana
43,Kirsten Christensen,heather00@example.com,2023-09-01,Malaysia
44,Patricia Daniels,agarcia@example.net,2025-06-23,Belize
45,Steven Fletcher,curryshelley@example.org,2023-11-27,Cameroon
46,Phillip Durham,amandarodriguez@example.org,2022-03-29,United States of America
47,Maureen Stone,sandrablack@example.net,2023-07-29,Trinidad and Tobago
48,Eric Farley,davisscott@example.net,2022-09-24,Puerto Rico
49,Robin Fuller,jennifertorres@example.com,2022-01-27,Niger
50,Gabrielle Taylor,foleyrachel@example.net,2025-01-01,Dominica
51,Richard Wilson,pburke@example.com,2022-03-15,Botswana
52,Kathryn Morris,charles22@example.org,2025-02-07,Azerbaijan
53,Lisa Miller,collinsmichael@example.org,2023-01-29,Cook Islands
54,Chelsea Sampson,michael13@example.net,2024-03-20,Turkmenistan
55,Brian Scott,dawn99@example.net,2022-06-25,Hungary
56,Craig Benson,garynguyen@example.org,2021-11-24,Rwanda
57,David Schultz,colleen69@example.net,2025-01-06,Costa Rica
58,John Crawford,zmoore@example.org,2022-05-21,Liberia
59,Patrick Roberts,johnsonmadeline@example.org,2023-07-10,Saint Pierre and Miquelon
60,Mr. Bradley Jones,rhill@example.com,2022-06-14,Switzerland
61,Caroline Manning,sara43@example.net,2023-02-17,Venezuela
62,Christopher Pena,cobbshannon@example.org,2024-06-14,San Marino
63,Sandra Ruiz,tateaustin@example.net,2022-03-03,Mexico
64,Jeremy Spencer,haroldrivera@example.org,2023-10-03,Greece
65,Richard Moore,scottmason@example.net,2022-03-09,Armenia
66,Gina Cox,kelly21@example.com,2023-01-18,Barbados
67,Jill Martinez,smithhannah@example.com,2024-03-14,Western Sahara
68,Tiffany Massey,robert08@example.net,2022-12-12,Guadeloupe
69,Paul Powell,leah46@example.com,2022-08-18,Brazil
70,Christina Robinson DVM,oquinn@example.net,2023-08-22,Maldives
71,Morgan Huynh,rhonda89@example.com,2024-06-20,Costa Rica
72,Julia Jordan,edward29@example.org,2023-09-08,Timor-Leste
73,Julia Lloyd,shelia88@example.com,2025-05-12,South Georgia and the South Sandwich Islands
74,Alex Foster,vwagner@example.com,2025-10-10,Indonesia
75,Tiffany Jones,santiagosteven@example.com,2025-08-15,Reunion
76,Shelly Diaz,jason12@example.org,2022-04-12,Antarctica (the territory South of 60 deg S)
77,Gina White,brandon66@example.com,2022-05-12,Namibia
78,Kaitlin Bridges,ronaldgarrison@example.org,2024-04-22,New Caledonia
79,Dawn Gray,raymond59@example.com,2025-02-01,Monaco
80,Brittany Smith,feliciaparker@example.net,2023-03-15,Cote d'Ivoire
81,Susan Hardy,jamieowens@example.net,2023-03-26,Bosnia and Herzegovina
82,Robert Gutierrez,williamanderson@example.com,2022-05-02,Lao People's Democratic Republic
83,Christopher Jimenez,jamespeck@example.net,2024-07-13,Dominican Republic
84,Ashley Lawrence,ronald94@example.com,2023-03-06,Mauritania
85,Cynthia Young MD,grivera@example.org,2022-02-11,Niger
86,Richard Barnes,williamstrickland@example.com,2022-03-27,Ghana
87,Brenda Williams,uholmes@example.net,2024-08-04,Uzbekistan
88,Bryan Ingram,xmiller@example.net,2022-08-25,Turks and Caicos Islands
89,Jennifer Scott,erika28@example.net,2025-09-17,Jamaica
90,Robert Bailey,steveali@example.net,2025-06-05,Saint Vincent and the Grenadines
91,Mr. Vincent Skinner,porterjessica@example.org,2025-10-22,Western Sahara
92,Dalton Sanders,wallkimberly@example.org,2024-07-03,Grenada
93,Elizabeth Johnson,chapmanjohn@example.net,2025-02-13,Liberia
94,Thomas Allen,hannahcarter@example.com,2025-01-26,Mauritania
95,Dustin Williams,dorishall@example.net,2024-08-09,Brunei Darussalam
96,Vanessa Sanchez,turnerjason@example.com,2024-11-28,Congo
97,Nancy Fox,brettkelly@example.com,2025-09-13,Thailand
98,Daniel Carroll,kenneth09@example.org,2022-09-03,Mali
99,Jennifer Gonzalez,dean99@example.org,2025-03-27,Cameroon
100,Kristin Murphy,nsims@example.com,2025-01-27,Bangladesh
101,Brendan Nelson,johnsonmelissa@example.net,2023-04-16,Chad
102,Michael Castillo,anthonysmith@example.net,2023-07-05,Liberia
103,Jonathan Rasmussen,wsmith@example.org,2024-04-26,Netherlands
104,Michael Hall,luis26@example.org,2022-02-22,South Georgia and the South Sandwich Islands
105,Jesus Johnson,kristenwagner@example.com,2024-11-26,Isle of Man
106,Collin Mcdonald,amy70@example.net,2024-09-09,Wallis and Futuna
107,Ryan Matthews,caitlin07@example.org,2022-12-04,Mayotte
108,Paul Silva,richdanielle@example.com,2023-07-11,Suriname
109,Daniel Lee,yreyes@example.com,2025-02-16,Lao People's Democratic Republic
110,James Davis,aliciacolon@example.net,2024-06-28,Martinique
111,Cameron Harding,cynthiasanchez@example.org,2023-10-31,Botswana
112,Laura Miller,wcasey@example.org,2025-07-27,Norfolk Island
113,Kevin Palmer,younglinda@example.net,2022-10-09,Niue
114,Zachary Mills,josephstephens@example.net,2025-05-30,Luxembourg
115,Jonathan Guzman,myersjames@example.net,2024-06-25,India
116,Julia Bullock,bwells@example.net,2022-01-03,Cayman Islands
117,Donna Watson,kristin70@example.com,2025-04-24,Faroe Islands
118,Catherine Strong,reyescourtney@example.com,2023-08-24,Israel
119,Theresa Cruz,melanie30@example.org,2024-01-30,Heard Island and McDonald Islands
120,Stephen Valencia,marymartinez@example.com,2023-01-02,Guyana
121,Malik Fisher,olivia08@example.net,2024-12-21,Bermuda
122,Julie King,arianahayden@example.net,2024-07-08,Latvia
123,Kevin Nguyen,khahn@example.com,2024-10-17,Togo
124,Amber Hudson,theresanorris@example.com,2022-12-27,United Kingdom
125,John Richardson,lopezclaudia@example.net,2025-11-10,Antarctica (the territory South of 60 deg S)
126,Christopher Mcintyre,austinbell@example.net,2023-08-01,Guadeloupe
127,Denise Bryant,chall@example.net,2023-09-27,Western Sahara
128,Michelle Cruz DDS,vwallace@example.net,2024-12-13,Egypt
129,Katie Chang,leesteven@example.net,2022-11-24,Aruba
130,Benjamin Watts,lori13@example.com,2023-12-28,Niger
131,Grant Russo,brad00@example.com,2023-06-25,Norfolk Island
132,Kimberly Daniels,mwelch@example.org,2025-08-17,Venezuela
133,Nancy Williams,areynolds@example.net,2022-07-14,Guatemala
134,Joseph Wright,williamjackson@example.com,2022-03-25,Guinea
135,Cindy Moore,ruizjohn@example.com,2025-10-28,Mauritius
136,Caroline Dunn,juliajohnson@example.com,2024-02-25,Dominica
137,Jessica Beck,williejones@example.org,2022-04-29,Kenya
138,Cheryl Holloway,derek45@example.org,2023-04-01,Norfolk Island
139,Keith Benton,kimberly18@example.com,2022-01-26,Solomon Islands
140,Gina Davidson,jenniferescobar@example.net,2022-12-15,Haiti
141,Patricia Russell,elizabeth89@example.net,2022-05-24,Antigua and Barbuda
142,Amy Thornton,pcampbell@example.org,2024-03-11,Bahrain
143,Adrian Chen,chenmelinda@example.org,2022-05-28,Greece
144,Anthony Vasquez,wendy48@example.com,2025-11-13,Denmark
145,Carolyn Moore,gonzalezlisa@example.com,2024-04-27,Algeria
146,Andrew Brown,dsmith@example.net,2024-11-29,Nigeria
147,Timothy Flores,hollowaymichelle@example.com,2024-11-01,Saint Lucia
148,Jason Hill,victorburke@example.net,2021-11-27,Tuvalu
149,Megan Alvarez,zlamb@example.org,2024-07-07,Romania
150,Alexis Mitchell,susan03@example.net,2023-06-03,Tajikistan
151,Scott Smith,dstone@example.org,2025-03-29,Ethiopia
152,Carl Patton,brenda04@example.org,2023-04-25,France
153,Eric Washington,briannarusso@example.com,2022-07-02,Isle of Man
154,Jonathan Frank,kristensteele@example.net,2025-04-10,Croatia
155,Michael Young,sean46@example.org,2022-07-22,Iceland
156,Matthew Pruitt,cjones@example.org,2024-11-10,Netherlands
157,Heather Hanson,maytammy@example.net,2025-05-19,Azerbaijan
158,Thomas Avery,andersonmichael@example.net,2024-05-05,Christmas Island
159,Raymond Bowers,benjaminadams@example.com,2023-01-03,Nigeria
160,Shannon Kennedy MD,savannah52@example.org,2025-07-09,Dominica
161,Yvonne Wolfe,cherrera@example.org,2022-11-26,Reunion
162,Angela Carter,simpsonanna@example.org,2025-01-19,Ghana
163,Alexis Frazier,dylannicholson@example.org,2022-02-05,Kuwait
164,Heather White,smithnicole@example.org,2023-07-04,Guadeloupe
165,Todd Stephens,frank19@example.org,2024-03-25,Mali
166,Jacqueline Clark,lboyd@example.net,2022-08-11,Zimbabwe
167,James Williams,donaldjackson@example.org,2022-07-19,Andorra
168,Taylor Pennington,alexanderrussell@example.net,2023-10-09,Bhutan
169,Amanda Campbell,jeffrey88@example.com,2023-02-26,Cote d'Ivoire
170,Gina Davis,anthony69@example.org,2023-11-11,Zimbabwe
171,Emma Mason,heatherrivera@example.net,2024-03-04,Mongolia
172,Kim Horn,lauramartinez@example.net,2023-06-15,Kuwait
173,Kelly Lee,jameshorton@example.org,2022-03-15,Djibouti
174,James Cervantes,samuel48@example.org,2023-08-18,United States of America
175,Amanda Lopez,thomassteven@example.com,2024-06-28,Sudan
176,Lisa Torres,danielle33@example.org,2022-03-17,Brunei Darussalam
177,Stephanie House,cynthiaward@example.net,2023-08-17,Samoa
178,Adam Hoffman,jenniferbrown@example.net,2023-09-08,Taiwan
179,Jordan Bradley,margaret41@example.com,2024-03-04,Saudi Arabia
180,Jordan Walker,dhuerta@example.org,2023-02-03,Burundi
181,Cheyenne Sutton DVM,lindseymills@example.net,2023-08-05,Dominican Republic
182,Jeffrey Carter,bethanylogan@example.com,2024-09-24,Algeria
183,Anthony Sweeney,douglasjames@example.com,2021-10-16,South Georgia and the South Sandwich Islands
184,Alexandria Willis,smithchristopher@example.org,2024-12-15,Micronesia
185,Jennifer King,gjordan@example.net,2024-03-31,Tajikistan
186,Matthew Harrison,john87@example.org,2023-01-19,Finland
187,Mr. Bradley Nguyen,jacobphillips@example.net,2025-08-29,Poland
188,Andrew Henderson,fritzlaura@example.com,2024-08-31,Eritrea
189,Kathleen Elliott,brian70@example.com,2022-09-16,Uruguay
190,Ronald Nolan,jpalmer@example.org,2024-04-06,Seychelles
191,Ashley Miller,sean13@example.com,2024-12-16,Papua New Guinea
192,Christopher Brooks,nicolegregory@example.net,2023-12-14,Rwanda
193,Jody Castro,icrawford@example.net,2022-07-28,Barbados
194,David Maddox,hendersonjodi@example.com,2025-10-11,Iraq
195,Elizabeth Daniels,katherine76@example.com,2022-06-02,Namibia
196,Lisa Reyes,nwilson@example.org,2023-10-12,Syrian Arab Republic
197,Jessica Dominguez,fgay@example.org,2023-01-03,Gambia
198,Jennifer Chaney,baileyann@example.org,2024-01-16,Malta
199,Jamie Howard,clementsnancy@example.com,2025-09-22,Austria
200,Kevin Velasquez,coopertony@example.net,2022-04-03,Venezuela
201,Tiffany Hughes,aliciayoung@example.net,2025-08-24,Norfolk Island
202,Kristine Gibbs,mariocallahan@example.net,2022-07-13,Slovenia
203,Brittney Chavez,james32@example.com,2025-10-22,Serbia
204,Brett Conway,leslie28@example.org,2024-06-15,Svalbard & Jan Mayen Islands
205,Connie Wilson,mariabishop@example.com,2021-12-05,Burkina Faso
206,Michael Brown,haydenbriana@example.org,2023-06-05,Portugal
207,Louis Wright,campbellduane@example.net,2023-11-30,Finland
208,Sara Palmer,stephanierandall@example.org,2025-04-17,Saint Martin
209,Joshua Meyer,michael75@example.net,2022-06-07,Gambia
210,Richard Williams,ncox@example.org,2022-03-19,Marshall Islands
211,Joshua Scott,alexandervazquez@example.com,2024-08-22,Swaziland
212,Alicia Riley,xlee@example.net,2025-03-22,Ecuador
213,Andrew Fitzpatrick,thomas11@example.com,2024-12-04,Yemen
214,Ronald Thomas,andrewcollins@example.org,2024-12-26,Haiti
215,Anthony Nunez,justinpalmer@example.com,2022-05-05,Thailand
216,Autumn Carroll,mstewart@example.org,2024-12-02,Germany
217,Susan Scott,sroy@example.org,2021-12-22,Pakistan
218,John Brewer,wallaceleslie@example.com,2024-06-29,Japan
219,Eric Davis,ggarcia@example.net,2021-11-08,Bulgaria
220,Dana Jones,collinmurray@example.org,2022-06-13,Antigua and Barbuda
221,Dr. Ashley Brown,valeriepadilla@example.org,2024-09-30,Portugal
222,Christopher Jones,jgonzales@example.net,2025-02-25,Pitcairn Islands
223,Amy Padilla,jameswilliams@example.com,2025-10-09,Reunion
224,Randy Pruitt,debbiemontgomery@example.net,2025-01-18,Andorra
225,Christine Irwin,tracimeyers@example.net,2021-10-24,Micronesia
226,Angela Powers,leecarlson@example.com,2025-10-22,Benin
227,William Boyd,brettross@example.com,2024-11-08,Liechtenstein
228,Cristian Allen,stevenlucas@example.org,2024-12-14,Belize
229,Brian Villarreal,zimmermantroy@example.org,2023-12-17,Dominica
230,Rebecca Jacobson,sstrickland@example.org,2024-02-04,Tunisia
231,Christina Garrison,halljason@example.net,2023-06-16,Nicaragua
232,Lisa Thompson,murraysara@example.org,2025-07-17,United States Minor Outlying Islands
233,Martin Duncan,stacey12@example.org,2022-07-07,Iceland
234,Jeffrey Phillips,misty02@example.com,2024-05-09,Mexico
235,Jessica Larson,wwatts@example.net,2024-04-20,Saint Vincent and the Grenadines
236,Sabrina Walker,maldonadoallison@example.com,2024-02-22,South Georgia and the South Sandwich Islands
237,Jeremy Brooks,sullivanjacqueline@example.com,2025-05-05,Mongolia
238,Aaron Molina,williamstony@example.com,2025-09-23,Burundi
239,Jeremy Marshall,karroyo@example.org,2024-03-17,Canada
240,Bryan Lewis,whitewendy@example.net,2025-09-05,Bahamas
241,Chelsea Diaz,suttonsteven@example.net,2025-06-04,Guam
242,Stefanie Castaneda,jasonmiles@example.com,2022-04-22,Kiribati
243,Sara Glover,jeffwilson@example.net,2024-01-19,Venezuela
244,Megan Gutierrez,ramirezdennis@example.net,2022-03-03,Jersey
245,Sean Walker,hunterkeith@example.net,2024-05-07,Vietnam
246,Robert Anderson,ycohen@example.net,2023-09-30,Ecuador
247,Mr. Edward Beltran,veronica38@example.org,2025-04-18,Belgium
248,Nicole Pena,brandon50@example.net,2025-10-05,Uganda
249,James Mcmillan,ywhite@example.com,2024-11-03,Sweden
250,Amanda Rodriguez,smartin@example.net,2025-04-20,Italy
251,Scott Casey,emily97@example.com,2022-11-20,Indonesia
252,Anita Mclaughlin,brandilopez@example.net,2025-07-14,Libyan Arab Jamahiriya
253,Richard Hudson,williamhuynh@example.org,2022-05-31,Ecuador
254,Lisa Nelson,mriggs@example.org,2023-01-19,Tuvalu
255,Danny Miller,kathyweiss@example.org,2025-01-23,Estonia
256,Christian Golden,ddiaz@example.com,2025-06-26,Bouvet Island (Bouvetoya)
257,Arthur Booker,timothy74@example.com,2022-09-06,Vanuatu
258,Heather Fisher,aaron70@example.org,2023-06-21,Norway
259,Amanda Alvarado,tara79@example.com,2025-09-05,Tuvalu
260,Jessica Pittman,garciajanet@example.com,2023-03-26,Azerbaijan
261,Jeremy Baker,estradaalexander@example.com,2023-08-04,Ecuador
262,Henry Johnson,matajennifer@example.net,2024-12-14,Ghana
263,Stephanie Avila,zjohnson@example.org,2025-03-09,Azerbaijan
264,Andrea Green,terrytim@example.net,2024-05-24,Equatorial Guinea
265,Maureen Smith,wesleyfletcher@example.org,2025-05-16,Benin
266,Jamie Johnson,amysmith@example.com,2023-02-27,Wallis and Futuna
267,Brandon Hernandez,cassidy00@example.net,2023-04-13,Saint Pierre and Miquelon
268,Robert Hoffman,olsentimothy@example.net,2025-02-01,Saint Pierre and Miquelon
269,Valerie Adams,alyssa73@example.org,2024-03-28,Uganda
270,Brenda Smith,caseybauer@example.org,2024-02-18,Western Sahara
271,Nicholas Hill,pollardjoseph@example.org,2025-11-08,Belgium
272,Timothy Carr,sspence@example.net,2023-12-30,Timor-Leste
273,Joyce Williams,htaylor@example.net,2024-05-13,Chad
274,Cheyenne Meyer,karmstrong@example.com,2022-12-20,Cyprus
275,Robin Garza,johnsonbarbara@example.net,2023-01-03,Mayotte
276,Jennifer Chase,jillcruz@example.org,2022-03-09,Tajikistan
277,Victor Wright,obryan@example.net,2023-10-29,South Georgia and the South Sandwich Islands
278,Alicia Moody,jennifergonzales@example.com,2022-05-01,Albania
279,Tracy Chambers,andrea42@example.org,2024-03-10,Svalbard & Jan Mayen Islands
280,Michele Leonard,ajones@example.com,2025-11-03,Canada
281,Diana Lopez,bbryant@example.net,2023-07-13,Russian Federation
282,Heather White,robert84@example.net,2021-11-29,Costa Rica
283,Adam Bruce,mcdowellelizabeth@example.net,2023-01-16,Hong Kong
284,James Chan,david82@example.org,2023-08-25,Dominica
285,Mrs. Deborah Pugh,hubbardnathaniel@example.org,2022-03-09,Malawi
286,Mark Kim,qbaker@example.org,2024-11-09,Antigua and Barbuda
287,Scott Reynolds,lcarlson@example.org,2022-05-03,Albania
288,Jeremy Johnson,markmahoney@example.org,2025-03-25,Trinidad and Tobago
289,Erica Norman,nfarley@example.org,2022-06-17,Bhutan
290,Rebecca Bailey,mmurphy@example.com,2024-10-03,Jamaica
291,Dakota Davis,qschwartz@example.com,2024-02-27,Bhutan
292,Joseph Harper,markhall@example.org,2024-11-02,Liechtenstein
293,Catherine Scott,margaret05@example.org,2022-10-21,Saudi Arabia
294,Deborah Martin,john25@example.net,2022-05-13,Czech Republic
295,Chad Morgan,patrick17@example.net,2022-11-02,Togo
296,Richard George,ericskinner@example.org,2024-12-24,Martinique
297,Mary Marshall,uferrell@example.org,2024-02-04,Albania
298,Patrick Price,marymiller@example.org,2021-11-05,Puerto Rico
299,Andrea Davis,kevinbriggs@example.org,2024-01-20,Ecuador
300,Brittany Dawson,kimmary@example.com,2022-08-22,Grenada
